"Sujeto";"Maniobra";"Hemisferio";"Ks";"Delta.tau";"Phi";"mfARI";"MSE";"dARI"
"Sujeto1";"maniobra1";"Left";0,9536;6,8;1,11;4,4;0,0141;3,3
"Sujeto1";"maniobra1";"Right";0,8302;5,8;1,54;4,1;0,0149;3,8
"Sujeto1";"maniobra2";"Left";0,9027;2,2;3,14;5;0,0132;4
"Sujeto1";"maniobra2";"Right";1,0221;2,8;6,22;5,8;0,0465;4,7
"Sujeto1";"maniobra3";"Left";1,0221;2,8;20,44;7,3;0,2802;6,3
"Sujeto1";"maniobra3";"Right";1,0221;1,8;22,38;7,7;0,1283;6,6
"Sujeto2";"maniobra1";"Left";0,3324;3;0,14;2,4;0,6379;0
"Sujeto2";"maniobra1";"Right";0,4741;1,6;0;3,1;0,402;0
"Sujeto2";"maniobra2";"Left";0,6594;2,2;7,46;4,6;0,1693;0
"Sujeto2";"maniobra2";"Right";0,7999;1,8;15,16;6;0,0745;1,7
"Sujeto2";"maniobra3";"Left";1,0221;4,2;5,5;5,5;1,5108;5,4
"Sujeto2";"maniobra3";"Right";1,0221;2,4;35,24;9;2,9082;4,7
"Sujeto3";"maniobra1";"Left";0,5189;1,8;13,05;4,7;0,0029;3,1
"Sujeto3";"maniobra1";"Right";0,6335;1,6;8,71;4,7;0,0348;4,6
"Sujeto3";"maniobra2";"Left";1,0221;5;14,67;6,4;0,018;6,7
"Sujeto3";"maniobra2";"Right";1,0221;5;14,93;6,5;0,0476;6,6
"Sujeto3";"maniobra3";"Left";0,5194;2,6;6,45;3,9;0,1034;0
"Sujeto3";"maniobra3";"Right";0,48;2,4;4,67;3,6;0,0549;0,1
